Claim Number,Policy Number,Plan Code (Dread Disease),Product Name,Gender,Date of Birth,Date of Diagnosis,Age at Claim,Claim Cause / Condition,Claim Type,Claim Status,Claim Amount
C500038,P100044,VC20,VitalCare Critical Illness Plan,M,1968-07-18,2010-11-30,42,Cancer,Major,Paid,150000
C500037,P100046,VC20,VitalCare Critical Illness Plan,M,1977-03-27,2021-08-20,44,Blindness,Major,Paid,75000
C500128,P100048,VC20,VitalCare Critical Illness Plan,M,1962-05-19,2021-01-21,58,Coronary Artery By-pass Surgery,Major,Paid,100000
C500085,P100054,VC20,VitalCare Critical Illness Plan,F,1969-07-19,2021-01-22,51,Blindness,Major,Paid,50000
C500344,P100066,VC20,VitalCare Critical Illness Plan,F,1973-04-05,2022-12-21,49,Angioplasty,Early-stage,Paid,25000
C500017,P100098,VC20,VitalCare Critical Illness Plan,M,1981-01-16,2016-05-28,35,Stroke,Major,Paid,75000
C500144,P100135,VC20,VitalCare Critical Illness Plan,F,1957-02-07,2019-05-24,62,Cancer,Major,Paid,250000
C500012,P100154,VC20,VitalCare Critical Illness Plan,F,1975-12-03,2011-12-10,36,Cancer,Major,Paid,50000
C500088,P100157,VC20,VitalCare Critical Illness Plan,F,1972-12-20,2025-12-29,53,Kidney Failure,Major,Paid,500000
C500299,P100159,VC20,VitalCare Critical Illness Plan,M,1992-10-03,2018-01-15,25,Multiple Sclerosis,Major,Paid,250000
C500096,P100169,VC20,VitalCare Critical Illness Plan,M,1961-11-28,2014-10-08,52,Stroke,Major,Paid,50000
C500336,P100178,VC20,VitalCare Critical Illness Plan,F,1966-11-08,2015-10-29,48,Early stage cancer,Early-stage,Paid,62500
C500024,P100200,VC20,VitalCare Critical Illness Plan,F,1981-12-17,2023-05-24,41,Cancer,Major,Paid,100000
C500091,P100236,VC20,VitalCare Critical Illness Plan,F,1975-10-15,2025-10-15,50,Cancer,Major,Paid,200000
C500022,P100239,VC20,VitalCare Critical Illness Plan,F,1970-06-15,2010-07-28,40,Cancer,Major,Paid,100000
C500125,P100242,VC20,VitalCare Critical Illness Plan,M,1956-07-21,2012-05-01,55,Cancer,Major,Paid,200000
C500160,P100265,VC20,VitalCare Critical Illness Plan,M,1952-08-21,2020-02-18,67,Cancer,Major,Paid,50000
C500070,P100271,VC20,VitalCare Critical Illness Plan,M,1973-07-01,2018-07-08,45,Cancer,Major,Paid,200000
C500043,P100284,VC20,VitalCare Critical Illness Plan,M,1967-10-17,2012-10-07,44,Blindness,Major,Paid,50000
C500139,P100287,VC20,VitalCare Critical Illness Plan,F,1955-02-28,2015-03-11,60,Kidney Failure,Major,Paid,100000
C500331,P100294,VC20,VitalCare Critical Illness Plan,M,1955-03-21,2015-06-13,60,Early stage cancer,Early-stage,Paid,12500
C500041,P100297,VC20,VitalCare Critical Illness Plan,M,1980-04-10,2022-04-20,42,Stroke,Major,Paid,50000
C500034,P100305,VC20,VitalCare Critical Illness Plan,M,1967-12-03,2012-01-15,44,Cancer,Major,Paid,150000
C500311,P100371,VC20,VitalCare Critical Illness Plan,M,1963-03-17,2015-03-11,51,Early stage cancer,Early-stage,Paid,37500
C500056,P100373,VC20,VitalCare Critical Illness Plan,F,1962-03-16,2011-07-11,49,Stroke,Major,Paid,150000
C500327,P100399,VC20,VitalCare Critical Illness Plan,F,1963-10-04,2025-06-19,61,Angioplasty,Early-stage,Paid,18750
C500039,P100424,VC20,VitalCare Critical Illness Plan,M,1980-02-01,2023-09-18,43,Heart Attack (Myocardial Infarction),Major,Paid,200000
C500007,P100452,VC20,VitalCare Critical Illness Plan,M,1985-03-31,2016-06-23,31,Heart Attack (Myocardial Infarction),Major,Paid,100000
C500111,P100458,VC20,VitalCare Critical Illness Plan,F,1950-08-17,2007-06-18,56,Coronary Artery By-pass Surgery,Major,Paid,100000
C500303,P100500,VC20,VitalCare Critical Illness Plan,M,1991-01-29,2020-06-03,29,Heart Attack (Myocardial Infarction),Major,Paid,150000
C500332,P100501,VC20,VitalCare Critical Illness Plan,M,1964-11-02,2020-03-19,55,Early stage cancer,Early-stage,Paid,18750
C500316,P100528,VC20,VitalCare Critical Illness Plan,M,1970-05-25,2015-08-28,45,Angioplasty,Early-stage,Paid,25000
C500109,P100531,VC20,VitalCare Critical Illness Plan,M,1974-04-04,2025-10-06,51,Cancer,Major,Paid,75000
C500315,P100532,VC20,VitalCare Critical Illness Plan,M,1957-06-22,2017-01-20,59,Early stage cancer,Early-stage,Paid,62500
C500319,P100546,VC20,VitalCare Critical Illness Plan,M,1966-06-25,2015-04-16,48,Carcinoma in situ (early stage),Early-stage,Paid,50000
C500074,P100578,VC20,VitalCare Critical Illness Plan,M,1970-07-16,2020-01-18,49,Cancer,Major,Paid,50000
C500102,P100587,VC20,VitalCare Critical Illness Plan,M,1963-04-28,2014-07-11,51,Heart Attack (Myocardial Infarction),Major,Paid,100000
C500101,P100599,VC20,VitalCare Critical Illness Plan,M,1956-01-30,2008-01-10,51,Cancer,Major,Paid,100000
C500306,P100601,VC20,VitalCare Critical Illness Plan,M,1963-04-13,2020-07-31,57,Angioplasty,Early-stage,Paid,25000
C500100,P100618,VC20,VitalCare Critical Illness Plan,M,1969-08-19,2019-10-01,50,Cancer,Major,Paid,200000
C500044,P100624,VC20,VitalCare Critical Illness Plan,M,1976-09-11,2017-01-06,40,Cancer,Major,Paid,75000
C500066,P100640,VC20,VitalCare Critical Illness Plan,M,1972-04-23,2020-09-06,48,Cancer,Major,Paid,100000
C500116,P100647,VC20,VitalCare Critical Illness Plan,F,1966-03-05,2023-10-02,57,Heart Attack (Myocardial Infarction),Major,Paid,150000
C500083,P100664,VC20,VitalCare Critical Illness Plan,F,1972-01-21,2025-04-30,53,Cancer,Major,Paid,150000
C500023,P100681,VC20,VitalCare Critical Illness Plan,F,1973-05-09,2015-11-07,42,Cancer,Major,Paid,75000
C500293,P100684,VC20,VitalCare Critical Illness Plan,F,1983-10-20,2011-08-16,27,Cancer,Major,Paid,500000
C500013,P100692,VC20,VitalCare Critical Illness Plan,F,1985-04-02,2023-06-30,38,Cancer,Major,Paid,200000
C500033,P100702,VC20,VitalCare Critical Illness Plan,M,1973-03-28,2014-02-08,40,Stroke,Major,Paid,200000
C500094,P100703,VC20,VitalCare Critical Illness Plan,M,1968-06-28,2020-03-29,51,Deafness,Major,Paid,200000
C500114,P100712,VC20,VitalCare Critical Illness Plan,F,1966-09-22,2025-10-29,59,Cancer,Major,Paid,75000
C500058,P100730,VC20,VitalCare Critical Illness Plan,F,1964-06-11,2011-11-01,47,Heart Attack (Myocardial Infarction),Major,Paid,200000
C500060,P100743,VC20,VitalCare Critical Illness Plan,M,1972-07-15,2017-12-19,45,Stroke,Major,Paid,200000
C500129,P100758,VC20,VitalCare Critical Illness Plan,M,1969-11-18,2025-07-05,55,Cancer,Major,Paid,100000
C500002,P100814,VC20,VitalCare Critical Illness Plan,M,1988-09-24,2017-03-24,28,Cancer,Major,Paid,50000
C500112,P100825,VC20,VitalCare Critical Illness Plan,F,1955-11-02,2014-05-01,58,Cancer,Major,Paid,100000
C500157,P100829,VC20,VitalCare Critical Illness Plan,F,1951-06-06,2017-06-14,66,Cancer,Major,Paid,200000
C500302,P100844,VC20,VitalCare Critical Illness Plan,M,1998-02-11,2024-04-20,26,Stroke,Major,Paid,150000
C500137,P100846,VC20,VitalCare Critical Illness Plan,M,1956-03-17,2012-01-31,55,Cancer,Major,Paid,500000
C500342,P100869,VC20,VitalCare Critical Illness Plan,M,1976-05-21,2021-12-26,45,Unknown,Early-stage,Paid,25000
C500078,P100870,VC20,VitalCare Critical Illness Plan,F,1970-01-14,2024-03-22,54,Cancer,Major,Paid,75000
C500090,P100884,VC20,VitalCare Critical Illness Plan,F,1967-08-18,2021-04-05,53,Cancer,Major,Paid,100000
C500322,P100887,VC20,VitalCare Critical Illness Plan,M,1961-07-24,2025-09-30,64,Early stage cancer,Early-stage,Paid,25000
C500300,P100896,VC20,VitalCare Critical Illness Plan,M,1996-06-30,2022-09-12,26,Cancer,Major,Paid,75000
C500312,P100900,VC20,VitalCare Critical Illness Plan,M,1949-12-30,2010-08-16,60,Carcinoma in situ (early stage),Early-stage,Paid,25000
C500081,P100946,VC20,VitalCare Critical Illness Plan,F,1965-11-10,2016-06-08,50,Heart Attack (Myocardial Infarction),Major,Paid,50000
C500345,P100950,VC20,VitalCare Critical Illness Plan,F,1961-02-07,2020-04-06,59,Early stage cancer,Early-stage,Paid,12500
C500087,P100986,VC20,VitalCare Critical Illness Plan,F,1954-08-15,2007-10-05,53,Cancer,Major,Paid,75000
C500003,P101046,VC20,VitalCare Critical Illness Plan,F,1992-12-16,2024-03-11,31,Cancer,Major,Paid,75000
C500047,P101064,VC20,VitalCare Critical Illness Plan,F,1974-08-21,2021-03-18,46,Cancer,Major,Paid,75000
C500029,P101096,VC20,VitalCare Critical Illness Plan,F,1981-03-07,2024-07-30,43,Stroke,Major,Paid,300000
C500161,P101097,VC20,VitalCare Critical Illness Plan,M,1960-07-28,2025-08-23,65,Cancer,Major,Paid,50000
C500290,P101103,VC20,VitalCare Critical Illness Plan,F,1994-12-27,2021-05-15,26,Cancer,Major,Paid,75000
C500050,P101108,VC20,VitalCare Critical Illness Plan,F,1967-08-21,2014-10-23,47,Heart Attack (Myocardial Infarction),Major,Paid,75000
C500009,P101119,VC20,VitalCare Critical Illness Plan,F,1987-10-17,2024-04-28,36,Heart Attack (Myocardial Infarction),Major,Paid,200000
C500010,P101150,VC20,VitalCare Critical Illness Plan,F,1988-03-15,2024-01-18,35,Cancer,Major,Paid,100000
C500059,P101160,VC20,VitalCare Critical Illness Plan,F,1975-06-03,2020-10-27,45,Multiple Sclerosis,Major,Paid,300000
C500121,P101179,VC20,VitalCare Critical Illness Plan,F,1965-04-30,2022-09-04,57,Multiple Sclerosis,Major,Paid,100000
C500153,P101180,VC20,VitalCare Critical Illness Plan,M,1964-04-18,2024-10-19,60,Paralysis,Major,Paid,150000
C500294,P101181,VC20,VitalCare Critical Illness Plan,F,1986-03-16,2016-02-01,29,Heart Attack (Myocardial Infarction),Major,Paid,100000
C500107,P101185,VC20,VitalCare Critical Illness Plan,M,1957-05-25,2009-09-10,52,Cancer,Major,Paid,300000
C500028,P101194,VC20,VitalCare Critical Illness Plan,F,1965-10-06,2007-11-22,42,Coronary Artery By-pass Surgery,Major,Paid,100000
C500052,P101231,VC20,VitalCare Critical Illness Plan,F,1979-05-31,2024-08-18,45,Cancer,Major,Paid,250000
C500098,P101235,VC20,VitalCare Critical Illness Plan,M,1968-12-06,2023-04-26,54,Stroke,Major,Paid,250000
C500330,P101246,VC20,VitalCare Critical Illness Plan,M,1962-08-17,2017-08-14,54,Angioplasty,Early-stage,Paid,37500
C500124,P101248,VC20,VitalCare Critical Illness Plan,M,1965-11-22,2023-04-13,57,Cancer,Major,Paid,225000
C500165,P101254,VC20,VitalCare Critical Illness Plan,M,1947-06-24,2021-10-15,74,Cancer,Major,Paid,150000
C500065,P101259,VC20,VitalCare Critical Illness Plan,M,1959-06-15,2009-03-22,49,Unknown,Major,Paid,150000
C500054,P101270,VC20,VitalCare Critical Illness Plan,F,1970-08-29,2018-06-05,47,Coronary Artery By-pass Surgery,Major,Paid,50000
C500297,P101324,VC20,VitalCare Critical Illness Plan,F,1979-04-17,2008-04-14,28,Cancer,Major,Paid,300000
C500053,P101332,VC20,VitalCare Critical Illness Plan,F,1972-03-13,2020-02-15,47,Cancer,Major,Paid,300000
C500340,P101357,VC20,VitalCare Critical Illness Plan,F,1964-07-31,2017-07-13,52,Carcinoma in situ (early stage),Early-stage,Paid,37500
C500086,P101364,VC20,VitalCare Critical Illness Plan,F,1967-06-29,2018-07-10,51,Cancer,Major,Paid,75000
C500295,P101367,VC20,VitalCare Critical Illness Plan,F,1983-08-08,2010-01-03,26,Stroke,Major,Paid,150000
C500325,P101380,VC20,VitalCare Critical Illness Plan,M,1972-07-05,2022-06-04,49,Carcinoma in situ (early stage),Early-stage,Paid,50000
C500006,P101388,VC20,VitalCare Critical Illness Plan,M,1981-04-16,2015-04-17,34,Heart Attack (Myocardial Infarction),Major,Paid,75000
C500127,P101398,VC20,VitalCare Critical Illness Plan,M,1966-03-07,2022-12-10,56,Stroke,Major,Paid,150000
C500031,P101399,VC20,VitalCare Critical Illness Plan,F,1977-08-23,2022-08-02,44,Blindness,Major,Paid,75000
C500004,P101427,VC20,VitalCare Critical Illness Plan,F,1984-11-21,2017-01-26,32,Multiple Sclerosis,Major,Paid,150000
C500318,P101434,VC20,VitalCare Critical Illness Plan,M,1957-05-02,2018-05-23,61,Early stage cancer,Early-stage,Paid,12500
C500117,P101469,VC20,VitalCare Critical Illness Plan,F,1962-11-11,2022-02-20,59,Cancer,Major,Paid,150000
C500071,P101477,VC20,VitalCare Critical Illness Plan,M,1972-08-31,2017-10-11,45,Cancer,Major,Paid,75000
C500020,P101503,VC20,VitalCare Critical Illness Plan,M,1981-04-16,2016-06-09,35,Blindness,Major,Paid,100000
C500095,P101504,VC20,VitalCare Critical Illness Plan,M,1966-09-03,2017-10-24,51,Heart Attack (Myocardial Infarction),Major,Paid,150000
C500093,P101541,VC20,VitalCare Critical Illness Plan,M,1959-03-18,2010-08-13,51,Heart Attack (Myocardial Infarction),Major,Paid,250000
C500146,P101549,VC20,VitalCare Critical Illness Plan,M,1961-05-07,2025-03-28,63,Heart Attack (Myocardial Infarction),Major,Paid,150000
C500140,P101567,VC20,VitalCare Critical Illness Plan,F,1962-11-06,2025-08-02,62,Stroke,Major,Paid,75000
C500011,P101578,VC20,VitalCare Critical Illness Plan,F,1982-09-16,2020-04-13,37,Cancer,Major,Paid,250000
C500301,P101589,VC20,VitalCare Critical Illness Plan,M,1978-08-07,2008-05-01,29,Coronary Artery By-pass Surgery,Major,Paid,150000
C500141,P101640,VC20,VitalCare Critical Illness Plan,F,1962-10-04,2025-04-03,62,Heart Attack (Myocardial Infarction),Major,Paid,75000
C500321,P101683,VC20,VitalCare Critical Illness Plan,M,1971-11-07,2022-04-19,50,Angioplasty,Early-stage,Paid,125000
C500339,P101684,VC20,VitalCare Critical Illness Plan,M,1958-04-01,2017-03-09,58,Early stage cancer,Early-stage,Paid,37500
C500051,P101712,VC20,VitalCare Critical Illness Plan,F,1968-11-01,2014-05-16,45,Heart Attack (Myocardial Infarction),Major,Paid,150000
C500343,P101747,VC20,VitalCare Critical Illness Plan,F,1972-01-11,2022-09-02,50,Early stage cancer,Early-stage,Paid,18750
C500027,P101750,VC20,VitalCare Critical Illness Plan,F,1975-08-22,2016-06-18,40,Cancer,Major,Paid,150000
C500008,P101783,VC20,VitalCare Critical Illness Plan,F,1985-10-10,2021-07-26,35,Heart Attack (Myocardial Infarction),Major,Paid,100000
C500035,P101811,VC20,VitalCare Critical Illness Plan,M,1971-03-08,2011-12-21,40,Major Organ Transplant,Major,Paid,250000
C500150,P101819,VC20,VitalCare Critical Illness Plan,M,1961-01-02,2024-05-04,63,Stroke,Major,Paid,75000
C500014,P101833,VC20,VitalCare Critical Illness Plan,M,1987-08-17,2025-10-27,38,Coronary Artery By-pass Surgery,Major,Paid,100000
C500036,P101844,VC20,VitalCare Critical Illness Plan,M,1974-02-15,2015-09-15,41,Cancer,Major,Paid,100000
C500135,P101855,VC20,VitalCare Critical Illness Plan,M,1959-03-09,2018-08-13,59,Heart Attack (Myocardial Infarction),Major,Paid,150000
C500335,P101889,VC20,VitalCare Critical Illness Plan,M,1969-12-20,2019-03-13,49,Angioplasty,Early-stage,Paid,12500
C500142,P101898,VC20,VitalCare Critical Illness Plan,F,1957-02-10,2018-06-18,61,Cancer,Major,Paid,250000
C500077,P101943,VC20,VitalCare Critical Illness Plan,M,1961-07-25,2009-12-19,48,Cancer,Major,Paid,100000
C500032,P101950,VC20,VitalCare Critical Illness Plan,M,1973-09-05,2016-11-09,43,Paralysis,Major,Paid,100000
C500298,P101980,VC20,VitalCare Critical Illness Plan,M,1997-04-23,2024-12-16,27,Kidney Failure,Major,Paid,150000
C500149,P101990,VC20,VitalCare Critical Illness Plan,M,1965-09-25,2025-10-13,60,Cancer,Major,Paid,100000
C500079,P102019,VC20,VitalCare Critical Illness Plan,F,1971-07-07,2022-06-04,50,Stroke,Major,Paid,250000
C500021,P102063,VC20,VitalCare Critical Illness Plan,F,1974-12-19,2017-10-29,42,Heart Attack (Myocardial Infarction),Major,Paid,150000
C500162,P102065,VC20,VitalCare Critical Illness Plan,M,1958-03-18,2025-04-03,67,Cancer,Major,Paid,150000
C500304,P102110,VC20,VitalCare Critical Illness Plan,M,1991-08-10,2017-01-12,25,Cancer,Major,Paid,150000
C500030,P102125,VC20,VitalCare Critical Illness Plan,F,1981-04-01,2023-01-03,41,Coronary Artery By-pass Surgery,Major,Paid,500000
C500147,P102136,VC20,VitalCare Critical Illness Plan,M,1965-06-12,2025-06-24,60,Cancer,Major,Paid,100000
C500133,P102180,VC20,VitalCare Critical Illness Plan,M,1965-08-19,2024-01-12,58,Stroke,Major,Paid,100000
C500045,P102209,VC20,VitalCare Critical Illness Plan,F,1972-11-03,2022-07-18,49,Multiple Sclerosis,Major,Paid,100000
C500057,P102218,VC20,VitalCare Critical Illness Plan,F,1975-11-05,2023-06-24,47,Heart Attack (Myocardial Infarction),Major,Paid,100000
C500164,P102243,VC20,VitalCare Critical Illness Plan,F,1952-01-09,2024-09-29,72,Stroke,Major,Paid,75000
C500324,P102249,VC20,VitalCare Critical Illness Plan,M,1969-03-30,2018-04-23,49,Early stage cancer,Early-stage,Paid,12500
C500072,P102284,VC20,VitalCare Critical Illness Plan,M,1963-09-04,2012-01-19,48,Kidney Failure,Major,Paid,200000
C500159,P102308,VC20,VitalCare Critical Illness Plan,M,1953-11-03,2021-06-02,67,Cancer,Major,Paid,100000
C500084,P102346,VC20,VitalCare Critical Illness Plan,F,1971-02-12,2022-03-17,51,Major Organ Transplant,Major,Paid,200000
C500067,P102355,VC20,VitalCare Critical Illness Plan,M,1978-08-02,2025-09-21,47,Coronary Artery By-pass Surgery,Major,Paid,75000
C500018,P102450,VC20,VitalCare Critical Illness Plan,M,1980-04-12,2015-04-23,35,Cancer,Major,Paid,150000
C500113,P102497,VC20,VitalCare Critical Illness Plan,F,1959-01-10,2015-08-29,56,Cancer,Major,Paid,75000
C500089,P102501,VC20,VitalCare Critical Illness Plan,F,1965-02-21,2018-09-01,53,Cancer,Major,Paid,150000
C500106,P102509,VC20,VitalCare Critical Illness Plan,M,1968-06-19,2021-09-09,53,Stroke,Major,Paid,300000
C500108,P102524,VC20,VitalCare Critical Illness Plan,M,1971-02-18,2025-10-29,54,Cancer,Major,Paid,50000
C500148,P102529,VC20,VitalCare Critical Illness Plan,M,1960-10-02,2022-06-01,61,Stroke,Major,Paid,300000
C500064,P102533,VC20,VitalCare Critical Illness Plan,M,1957-09-20,2005-02-27,47,Cancer,Major,Paid,100000
C500122,P102543,VC20,VitalCare Critical Illness Plan,M,1968-02-21,2024-12-22,56,Stroke,Major,Paid,500000
C500308,P102562,VC20,VitalCare Critical Illness Plan,F,1960-10-04,2021-12-23,61,Early stage cancer,Early-stage,Paid,37500
C500154,P102586,VC20,VitalCare Critical Illness Plan,F,1955-02-16,2022-06-08,67,Major Organ Transplant,Major,Paid,150000
C500118,P102598,VC20,VitalCare Critical Illness Plan,F,1961-01-12,2016-08-16,55,Stroke,Major,Paid,50000
C500076,P102604,VC20,VitalCare Critical Illness Plan,M,1973-10-26,2021-05-01,47,Cancer,Major,Paid,50000
C500073,P102623,VC20,VitalCare Critical Illness Plan,M,1974-08-19,2021-08-23,47,Major Organ Transplant,Major,Paid,100000
C500061,P102625,VC20,VitalCare Critical Illness Plan,M,1966-05-04,2014-11-13,48,Stroke,Major,Paid,300000
C500015,P102680,VC20,VitalCare Critical Illness Plan,M,1987-06-16,2025-09-26,38,Kidney Failure,Major,Paid,75000
C500068,P102716,VC20,VitalCare Critical Illness Plan,M,1978-09-10,2024-08-13,45,Heart Attack (Myocardial Infarction),Major,Paid,50000
C500134,P102741,VC20,VitalCare Critical Illness Plan,M,1965-06-14,2024-04-07,58,Heart Attack (Myocardial Infarction),Major,Paid,100000
C500099,P102760,VC20,VitalCare Critical Illness Plan,M,1960-10-21,2012-06-16,51,Cancer,Major,Paid,100000
C500333,P102763,VC20,VitalCare Critical Illness Plan,F,1968-10-18,2019-03-25,50,Carcinoma in situ (early stage),Early-stage,Paid,18750
C500136,P102794,VC20,VitalCare Critical Illness Plan,M,1964-08-25,2021-03-28,56,Cancer,Major,Paid,75000
C500310,P102805,VC20,VitalCare Critical Illness Plan,F,1956-07-29,2009-02-01,52,Early stage cancer,Early-stage,Paid,12500
C500132,P102822,VC20,VitalCare Critical Illness Plan,M,1961-05-12,2017-08-12,56,Cancer,Major,Paid,150000
C500317,P102828,VC20,VitalCare Critical Illness Plan,M,1949-08-13,2010-07-30,60,Carcinoma in situ (early stage),Early-stage,Paid,125000
C500309,P102835,VC20,VitalCare Critical Illness Plan,M,1959-02-20,2020-01-10,60,Angioplasty,Early-stage,Paid,37500
C500062,P102850,VC20,VitalCare Critical Illness Plan,M,1975-03-20,2022-10-29,47,Heart Attack (Myocardial Infarction),Major,Paid,50000
C500329,P102858,VC20,VitalCare Critical Illness Plan,F,1958-10-28,2018-12-12,60,Carcinoma in situ (early stage),Early-stage,Paid,18750
C500016,P102861,VC20,VitalCare Critical Illness Plan,M,1968-06-06,2006-07-28,38,Cancer,Major,Paid,100000
C500158,P102884,VC20,VitalCare Critical Illness Plan,F,1956-07-21,2025-08-10,69,Cancer,Major,Paid,100000
C500305,P102895,VC20,VitalCare Critical Illness Plan,M,1980-11-09,2009-05-30,28,Multiple Sclerosis,Major,Paid,200000
C500080,P102923,VC20,VitalCare Critical Illness Plan,F,1971-01-23,2025-03-11,54,Stroke,Major,Paid,50000
C500341,P102939,VC20,VitalCare Critical Illness Plan,F,1963-09-07,2023-01-23,59,Early stage cancer,Early-stage,Paid,37500
C500042,P102977,VC20,VitalCare Critical Illness Plan,M,1971-10-14,2012-11-05,41,Cancer,Major,Paid,200000
C500082,P102978,VC20,VitalCare Critical Illness Plan,F,1961-01-05,2013-09-15,52,Kidney Failure,Major,Paid,75000
C500292,P102985,VC20,VitalCare Critical Illness Plan,F,1983-11-07,2012-05-30,28,Stroke,Major,Paid,100000
C500001,P102988,VC20,VitalCare Critical Illness Plan,F,1989-12-02,2016-03-12,26,Stroke,Major,Paid,100000
C500120,P103011,VC20,VitalCare Critical Illness Plan,F,1960-03-24,2016-06-01,56,Heart Attack (Myocardial Infarction),Major,Paid,100000
C500126,P103015,VC20,VitalCare Critical Illness Plan,M,1966-01-13,2025-04-16,59,Cancer,Major,Paid,150000
C500130,P103033,VC20,VitalCare Critical Illness Plan,M,1957-11-14,2014-12-19,57,Cancer,Major,Paid,100000
C500119,P103048,VC20,VitalCare Critical Illness Plan,F,1956-04-24,2016-03-06,59,Stroke,Major,Paid,50000
C500046,P103066,VC20,VitalCare Critical Illness Plan,F,1970-03-14,2016-02-28,45,Cancer,Major,Paid,100000
C500138,P103084,VC20,VitalCare Critical Illness Plan,F,1961-08-01,2024-05-21,62,Major Organ Transplant,Major,Paid,200000
C500005,P103124,VC20,VitalCare Critical Illness Plan,M,1988-06-11,2020-09-12,32,Stroke,Major,Paid,100000
C500115,P103144,VC20,VitalCare Critical Illness Plan,F,1965-07-31,2023-02-17,57,Cancer,Major,Paid,50000
C500338,P103149,VC20,VitalCare Critical Illness Plan,F,1969-07-28,2022-02-21,52,Angioplasty,Early-stage,Paid,25000
C500025,P103165,VC20,VitalCare Critical Illness Plan,F,1969-05-31,2013-05-10,43,Heart Attack (Myocardial Infarction),Major,Paid,150000
C500131,P103201,VC20,VitalCare Critical Illness Plan,M,1957-03-19,2012-10-05,55,Kidney Failure,Major,Paid,100000
C500323,P103203,VC20,VitalCare Critical Illness Plan,F,1972-01-07,2024-12-31,52,Angioplasty,Early-stage,Paid,50000
C500104,P103204,VC20,VitalCare Critical Illness Plan,M,1962-04-06,2017-01-01,54,Blindness,Major,Paid,250000
C500063,P103214,VC20,VitalCare Critical Illness Plan,M,1979-11-22,2025-03-24,45,Cancer,Major,Paid,325000
C500307,P103223,VC20,VitalCare Critical Illness Plan,F,1966-01-12,2020-01-04,53,Early stage cancer,Early-stage,Paid,25000
C500151,P103237,VC20,VitalCare Critical Illness Plan,M,1951-12-24,2012-09-17,60,Stroke,Major,Paid,250000
C500314,P103238,VC20,VitalCare Critical Illness Plan,M,1969-06-09,2022-10-13,53,Carcinoma in situ (early stage),Early-stage,Paid,12500
C500152,P103260,VC20,VitalCare Critical Illness Plan,M,1960-03-07,2020-12-07,60,Cancer,Major,Paid,150000
C500049,P103266,VC20,VitalCare Critical Illness Plan,F,1974-09-29,2020-08-29,45,Heart Attack (Myocardial Infarction),Major,Paid,100000
C500313,P103292,VC20,VitalCare Critical Illness Plan,F,1953-07-15,2018-05-26,64,Angioplasty,Early-stage,Paid,37500
C500206,P103316,LS30,LifeSecure Critical Illness Rider,F,1978-10-15,2025-12-15,47,Stroke,Major,Paid,100000
C500184,P103349,LS30,LifeSecure Critical Illness Rider,F,1973-07-01,2014-10-03,41,Heart Attack (Myocardial Infarction),Major,Paid,250000
C500277,P103362,LS30,LifeSecure Critical Illness Rider,M,1954-05-10,2014-11-08,60,Coronary Artery By-pass Surgery,Major,Paid,100000
C500279,P103364,LS30,LifeSecure Critical Illness Rider,F,1957-04-15,2025-03-20,67,Cancer,Major,Paid,150000
C500226,P103438,LS30,LifeSecure Critical Illness Rider,F,1958-01-14,2008-06-12,50,Stroke,Major,Paid,NA
C500256,P103493,LS30,LifeSecure Critical Illness Rider,M,1961-05-23,2017-07-13,56,Heart Attack (Myocardial Infarction),Major,Paid,100000
C500212,P103500,LS30,LifeSecure Critical Illness Rider,M,1967-08-30,2014-03-01,46,Cancer,Major,Paid,150000
C500211,P103522,LS30,LifeSecure Critical Illness Rider,F,1965-06-07,2013-07-17,48,Stroke,Major,Paid,150000
C500222,P103523,LS30,LifeSecure Critical Illness Rider,M,1965-07-23,2013-08-16,48,Heart Attack (Myocardial Infarction),Major,Paid,100000
C500254,P103555,LS30,LifeSecure Critical Illness Rider,F,1961-06-21,2018-09-14,57,Multiple Sclerosis,Major,Paid,150000
C500170,P103594,LS30,LifeSecure Critical Illness Rider,F,1975-07-22,2008-08-25,33,Major Organ Transplant,Major,Paid,150000
C500250,P103601,LS30,LifeSecure Critical Illness Rider,F,1969-12-17,2025-10-30,55,Cancer,Major,Paid,100000
C500249,P103631,LS30,LifeSecure Critical Illness Rider,F,1954-07-02,2011-04-04,56,Stroke,Major,Paid,50000
C500267,P103635,LS30,LifeSecure Critical Illness Rider,F,1961-10-29,2023-05-23,61,Stroke,Major,Paid,150000
C500271,P103647,LS30,LifeSecure Critical Illness Rider,F,1965-10-12,2025-10-30,60,Stroke,Major,Paid,250000
C500255,P103665,LS30,LifeSecure Critical Illness Rider,F,1969-11-10,2025-11-11,56,Coronary Artery By-pass Surgery,Major,Paid,75000
C500218,P103673,LS30,LifeSecure Critical Illness Rider,M,1966-07-13,2013-07-18,47,Cancer,Major,Paid,300000
C500228,P103705,LS30,LifeSecure Critical Illness Rider,F,1966-11-13,2021-10-17,54,Cancer,Major,Paid,75000
C500245,P103709,LS30,LifeSecure Critical Illness Rider,M,1969-11-03,2019-11-19,50,Cancer,Major,Paid,50000
C500248,P103726,LS30,LifeSecure Critical Illness Rider,F,1966-05-13,2025-07-28,59,Cancer,Major,Paid,200000
C500232,P103751,LS30,LifeSecure Critical Illness Rider,F,1971-05-25,2022-10-20,51,Heart Attack (Myocardial Infarction),Major,Paid,50000
C500240,P103798,LS30,LifeSecure Critical Illness Rider,M,1958-09-19,2009-08-26,50,Cancer,Major,Paid,250000
C500215,P103847,LS30,LifeSecure Critical Illness Rider,M,1971-08-02,2019-01-06,47,Stroke,Major,Paid,75000
C500285,P103849,LS30,LifeSecure Critical Illness Rider,M,1942-04-13,2010-04-17,68,Kidney Failure,Major,Paid,200000
C500172,P103886,LS30,LifeSecure Critical Illness Rider,M,1989-05-14,2022-08-24,33,Cancer,Major,Paid,100000
C500187,P103904,LS30,LifeSecure Critical Illness Rider,F,1976-10-29,2020-10-22,43,Kidney Failure,Major,Paid,200000
C500278,P103917,LS30,LifeSecure Critical Illness Rider,M,1959-01-20,2022-07-17,63,Cancer,Major,Paid,150000
C500275,P103933,LS30,LifeSecure Critical Illness Rider,M,1959-09-23,2021-02-18,61,Cancer,Major,Paid,150000
C500266,P103944,LS30,LifeSecure Critical Illness Rider,M,1955-11-20,2014-02-18,58,Cancer,Major,Paid,100000
C500260,P103978,LS30,LifeSecure Critical Illness Rider,M,1964-12-15,2021-09-19,56,Stroke,Major,Paid,50000
C500233,P104034,LS30,LifeSecure Critical Illness Rider,F,1971-12-19,2025-11-04,53,Kidney Failure,Major,Paid,75000
C500284,P104064,LS30,LifeSecure Critical Illness Rider,M,1954-05-28,2023-10-07,69,Stroke,Major,Paid,300000
C500217,P104094,LS30,LifeSecure Critical Illness Rider,M,1975-09-14,2025-01-02,49,Heart Attack (Myocardial Infarction),Major,Paid,200000
C500209,P104103,LS30,LifeSecure Critical Illness Rider,F,1972-07-16,2020-08-11,48,Stroke,Major,Paid,75000
C500265,P104117,LS30,LifeSecure Critical Illness Rider,M,1958-05-16,2015-11-10,57,Stroke,Major,Paid,500000
C500204,P104130,LS30,LifeSecure Critical Illness Rider,F,1968-04-10,2015-01-27,46,Heart Attack (Myocardial Infarction),Major,Paid,50000
C500281,P104138,LS30,LifeSecure Critical Illness Rider,F,1942-08-31,2009-10-29,67,Cancer,Major,Paid,75000
C500237,P104181,LS30,LifeSecure Critical Illness Rider,M,1964-04-12,2017-09-18,53,Stroke,Major,Paid,75000
C500176,P104198,LS30,LifeSecure Critical Illness Rider,F,1981-08-26,2019-02-13,37,Heart Attack (Myocardial Infarction),Major,Paid,50000
C500239,P104201,LS30,LifeSecure Critical Illness Rider,M,1966-08-29,2019-02-20,52,Cancer,Major,Paid,100000
C500238,P104214,LS30,LifeSecure Critical Illness Rider,M,1953-06-10,2008-02-10,54,Heart Attack (Myocardial Infarction),Major,Paid,200000
C500200,P104227,LS30,LifeSecure Critical Illness Rider,M,1980-10-03,2021-02-26,40,Coronary Artery By-pass Surgery,Major,Paid,75000
C500235,P104275,LS30,LifeSecure Critical Illness Rider,M,1968-08-10,2023-02-01,54,Paralysis,Major,Paid,50000
C500224,P104307,LS30,LifeSecure Critical Illness Rider,F,1964-11-17,2015-12-09,51,Cancer,Major,Paid,250000
C500203,P104320,LS30,LifeSecure Critical Illness Rider,F,1979-08-10,2025-09-19,46,Heart Attack (Myocardial Infarction),Major,Paid,250000
C500177,P104352,LS30,LifeSecure Critical Illness Rider,F,1971-04-09,2008-09-23,37,Cancer,Major,Paid,75000
C500229,P104360,LS30,LifeSecure Critical Illness Rider,F,1971-06-20,2025-09-24,54,Stroke,Major,Paid,250000
C500288,P104411,LS30,LifeSecure Critical Illness Rider,M,1954-08-29,2025-08-01,70,Heart Attack (Myocardial Infarction),Major,Paid,500000
C500201,P104637,LS30,LifeSecure Critical Illness Rider,F,1970-09-05,2018-12-23,48,Heart Attack (Myocardial Infarction),Major,Paid,NA
C500247,P104671,LS30,LifeSecure Critical Illness Rider,M,1975-04-02,2025-12-19,50,Unknown,Major,Paid,150000
C500205,P104724,LS30,LifeSecure Critical Illness Rider,F,1961-03-24,2006-04-19,45,Heart Attack (Myocardial Infarction),Major,Paid,250000
C500219,P104776,LS30,LifeSecure Critical Illness Rider,M,1977-10-11,2024-06-24,46,Cancer,Major,Paid,75000
C500171,P104782,LS30,LifeSecure Critical Illness Rider,M,1978-07-08,2011-06-28,32,Cancer,Major,Paid,300000
C500180,P104783,LS30,LifeSecure Critical Illness Rider,M,1965-11-13,2004-04-22,38,Heart Attack (Myocardial Infarction),Major,Paid,300000
C500202,P104819,LS30,LifeSecure Critical Illness Rider,F,1973-03-28,2020-01-12,46,Cancer,Major,Paid,100000
C500280,P104843,LS30,LifeSecure Critical Illness Rider,F,1956-05-18,2021-08-20,65,Stroke,Major,Paid,150000
C500258,P104866,LS30,LifeSecure Critical Illness Rider,M,1968-07-01,2023-08-09,55,Cancer,Major,Paid,50000
C500173,P104925,LS30,LifeSecure Critical Illness Rider,F,1981-12-18,2019-06-15,37,Stroke,Major,Paid,250000
C500185,P104993,LS30,LifeSecure Critical Illness Rider,F,1967-12-10,2009-06-05,41,Cancer,Major,Paid,100000
C500261,P105007,LS30,LifeSecure Critical Illness Rider,M,1961-02-28,2018-12-15,57,Stroke,Major,Paid,100000
C500243,P105069,LS30,LifeSecure Critical Illness Rider,M,1973-05-12,2023-08-10,50,Cancer,Major,Paid,50000
C500251,P105084,LS30,LifeSecure Critical Illness Rider,F,1965-06-14,2023-08-26,58,Heart Attack (Myocardial Infarction),Major,Paid,100000
C500210,P105103,LS30,LifeSecure Critical Illness Rider,F,1973-04-16,2022-07-29,49,Coronary Artery By-pass Surgery,Major,Paid,150000
C500221,P105104,LS30,LifeSecure Critical Illness Rider,M,1973-09-27,2021-06-03,47,Multiple Sclerosis,Major,Paid,100000
C500183,P105110,LS30,LifeSecure Critical Illness Rider,F,1975-01-31,2015-10-19,40,Cancer,Major,Paid,50000
C500174,P105125,LS30,LifeSecure Critical Illness Rider,F,1982-12-04,2022-09-14,39,Stroke,Major,Paid,150000
C500195,P105173,LS30,LifeSecure Critical Illness Rider,M,1983-01-09,2023-03-29,40,Cancer,Major,Paid,100000
C500287,P105219,LS30,LifeSecure Critical Illness Rider,M,1949-10-29,2021-10-10,71,Stroke,Major,Paid,100000
C500194,P105296,LS30,LifeSecure Critical Illness Rider,M,1976-07-13,2020-06-30,43,Stroke,Major,Paid,250000
C500269,P105303,LS30,LifeSecure Critical Illness Rider,F,1962-04-17,2023-08-28,61,Heart Attack (Myocardial Infarction),Major,Paid,50000
C500286,P105306,LS30,LifeSecure Critical Illness Rider,F,1951-11-30,2022-11-25,70,Cancer,Major,Paid,150000
C500268,P105352,LS30,LifeSecure Critical Illness Rider,F,1963-10-02,2024-06-06,60,Cancer,Major,Paid,50000
C500197,P105380,LS30,LifeSecure Critical Illness Rider,M,1974-03-10,2014-11-19,40,Cancer,Major,Paid,50000
C500270,P105388,LS30,LifeSecure Critical Illness Rider,F,1952-07-28,2013-05-04,60,Unknown,Major,Paid,100000
C500213,P105443,LS30,LifeSecure Critical Illness Rider,M,1965-05-26,2011-12-23,46,Cancer,Major,Paid,150000
C500273,P105462,LS30,LifeSecure Critical Illness Rider,M,1965-08-24,2025-11-06,60,Cancer,Major,Paid,100000
C500189,P105484,LS30,LifeSecure Critical Illness Rider,F,1978-08-20,2020-07-30,41,Cancer,Major,Paid,300000
C500190,P105495,LS30,LifeSecure Critical Illness Rider,F,1970-11-14,2013-10-07,42,Cancer,Major,Paid,150000
C500234,P105505,LS30,LifeSecure Critical Illness Rider,F,1960-10-24,2011-02-14,50,Major Organ Transplant,Major,Paid,300000
C500175,P105517,LS30,LifeSecure Critical Illness Rider,F,1984-05-13,2019-11-05,35,Cancer,Major,Paid,75000
C500259,P105552,LS30,LifeSecure Critical Illness Rider,M,1965-10-23,2021-04-20,55,Heart Attack (Myocardial Infarction),Major,Paid,150000
C500276,P105558,LS30,LifeSecure Critical Illness Rider,M,1964-02-08,2025-10-10,61,Cancer,Major,Paid,150000
C500216,P105623,LS30,LifeSecure Critical Illness Rider,M,1975-08-03,2021-02-13,45,Multiple Sclerosis,Major,Paid,250000
C500196,P105633,LS30,LifeSecure Critical Illness Rider,M,1984-05-30,2025-02-22,40,Cancer,Major,Paid,300000
C500181,P105722,LS30,LifeSecure Critical Illness Rider,M,1986-11-24,2022-09-23,35,Kidney Failure,Major,Paid,100000
C500282,P105748,LS30,LifeSecure Critical Illness Rider,M,1943-07-11,2009-04-03,65,Cancer,Major,Paid,150000
C500264,P105753,LS30,LifeSecure Critical Illness Rider,M,1957-01-16,2013-06-29,56,Cancer,Major,Paid,500000
C500274,P105793,LS30,LifeSecure Critical Illness Rider,M,1955-01-04,2015-07-02,60,Stroke,Major,Paid,300000
C500230,P105800,LS30,LifeSecure Critical Illness Rider,F,1968-08-03,2018-09-04,50,Cancer,Major,Paid,300000
C500263,P105926,LS30,LifeSecure Critical Illness Rider,M,1953-07-08,2008-11-24,55,Coronary Artery By-pass Surgery,Major,Paid,100000
C500225,P105959,LS30,LifeSecure Critical Illness Rider,F,1961-02-08,2013-10-27,52,Stroke,Major,Paid,50000
C500169,P105960,LS30,LifeSecure Critical Illness Rider,F,1983-11-06,2016-01-23,32,Stroke,Major,Paid,300000
C500244,P105982,LS30,LifeSecure Critical Illness Rider,M,1972-11-16,2024-07-04,51,Cancer,Major,Paid,100000
C500182,P106018,LS30,LifeSecure Critical Illness Rider,M,1974-09-21,2011-10-06,37,Coronary Artery By-pass Surgery,Major,Paid,100000
C500252,P106031,LS30,LifeSecure Critical Illness Rider,F,1960-06-12,2018-07-06,58,Heart Attack (Myocardial Infarction),Major,Paid,50000
C500220,P106042,LS30,LifeSecure Critical Illness Rider,M,1973-02-17,2018-11-10,45,Cancer,Major,Paid,200000
C500246,P106128,LS30,LifeSecure Critical Illness Rider,M,1964-02-27,2018-12-15,54,Cancer,Major,Paid,200000
C500289,P106132,LS30,LifeSecure Critical Illness Rider,M,1946-05-31,2024-07-14,78,Cancer,Major,Paid,75000
C500179,P106184,LS30,LifeSecure Critical Illness Rider,M,1986-07-09,2025-05-31,38,Cancer,Major,Paid,500000
